Prestador;Plan;;
Union Personal;Unión Personal Classic;;
Union Personal;Unión Personal Familiar;;
Osecac;PMO OSECAC;;
Osecac;Azul OSECAC;;
Medicus;Azul;;
Medicus;Celeste;;
Medicus;Family;;
Medicus;Family Flex;;
Medicus;Conecta;;
Medicus;Plan Mujer;;
OSPOCE;Plan PMO;;
OSPOCE;Plan 600 OSPOCE Integral;;
OSPOCE;Plan 700 OSPOCE Integral;;
OSPOCE;Plan 800 OSPOCE Integral;;
OSPOCE;Plan 900 OSPOCE Integral;;
OSPOCE;Plan 1000 OSPOCE Integral;;
OSDE;OSDE 210;;
OSDE;OSDE 310;;
OSDE;OSDE 410;;
OSDE;OSDE 450;;
OSDE;OSDE 510;;
