Sede;Direccion;Localidad;Provincia
Avellaneda;Av. Mitre 1248; Avellaneda;Buenos Aires
Barrio Norte;Larrea 949; Barrio Norte;Buenos Aires
Belgrano II;Virrey del Pino 2456/8; Belgrano;Buenos Aires
Belgrano III;Palpa 2680; Belgrano;Buenos Aires
Caballito;Av. Juan B. Alberdi 447; Caballito;Buenos Aires
Caseros;Av. San Martin 2282; Caseros;Buenos Aires
Central;Tte. Gral Juan D. Perón 4190; Almagro;Buenos Aires
 Ituzaingó;Av. Santa Rosa 508; Ituzaingó;Buenos Aires
 Lomas de Zamora;España 151; Lomas de Zamora;Buenos Aires
 Morón;Av Rivadavia 17955; Morón;Buenos Aires
 Olivos;Córdoba 2547; Olivos;Buenos Aires
 Ramos Mejía;Av. De Mayo 435; Ramos Mejía;Buenos Aires
 San Isidro;Centenario 635; San Isidro;Buenos Aires
 San Justo;Pte. Perón 2231; San Justo;Buenos Aires
 San Martín;Ramon Carrillo 2219; San Martín;Buenos Aires
 Villa del Parque;Cuenca 2586; Villa del Parque;Buenos Aires
 Capital Federal;Triunvirato 4035; Capital Federal;Buenos Aires
